{"cameraMode":{"drawMode":0,"name":"Shaded","section":"Shading Mode"},"sceneLighting":true,"audioPlay":false,"sceneViewState":{"showFog":true,"showMaterialUpdate":false,"showSkybox":true,"showFlares":true,"showImageEffects":true,"showParticleSystems":true},"in2DMode":false,"pivot":{"x":3.3279507160186769,"y":1.2123048305511475,"z":-7.907885551452637},"rotation":{"x":-0.2851243317127228,"y":0.17612870037555695,"z":-0.053386833518743518,"w":-0.9406557083129883},"size":13.608617782592774,"orthographic":false}